Gender,Age,Annual Income,Spending Score (1-100),age_group,income_spending_ratio,cluster,segment
1,19,15,39,young_adult,0.38461538461538464,4,young_impulsive_spenders
1,21,15,81,young_adult,0.18518518518518517,4,young_impulsive_spenders
0,20,16,6,young_adult,2.6666666666666665,5,budget_conscious
0,23,16,77,young_adult,0.2077922077922078,4,young_impulsive_spenders
0,31,17,40,adult,0.425,5,budget_conscious
0,22,17,76,young_adult,0.2236842105263158,4,young_impulsive_spenders
0,35,18,6,adult,3.0,5,budget_conscious
0,23,18,94,young_adult,0.19148936170212766,4,young_impulsive_spenders
1,64,19,3,senior,6.333333333333333,5,budget_conscious
0,30,19,72,young_adult,0.2638888888888889,4,young_impulsive_spenders
1,67,19,14,senior,1.3571428571428572,5,budget_conscious
0,35,19,99,adult,0.1919191919191919,4,young_impulsive_spenders
0,58,20,15,middle_aged,1.3333333333333333,5,budget_conscious
0,24,20,77,young_adult,0.2597402597402597,4,young_impulsive_spenders
1,37,20,13,adult,1.5384615384615385,5,budget_conscious
1,22,20,79,young_adult,0.25316455696202533,4,young_impulsive_spenders
0,35,21,35,adult,0.6,5,budget_conscious
1,20,21,66,young_adult,0.3181818181818182,4,young_impulsive_spenders
1,52,23,29,middle_aged,0.7931034482758621,5,budget_conscious
0,35,23,98,adult,0.23469387755102042,4,young_impulsive_spenders
1,35,24,35,adult,0.6857142857142857,5,budget_conscious
1,25,24,73,young_adult,0.3287671232876712,4,young_impulsive_spenders
0,46,25,5,middle_aged,5.0,5,budget_conscious
1,31,25,73,adult,0.3424657534246575,4,young_impulsive_spenders
0,54,28,14,middle_aged,2.0,5,budget_conscious
1,29,28,82,young_adult,0.34146341463414637,4,young_impulsive_spenders
0,45,28,32,adult,0.875,5,budget_conscious
1,35,28,61,adult,0.45901639344262296,4,young_impulsive_spenders
0,40,29,31,adult,0.9354838709677419,5,budget_conscious
0,23,29,87,young_adult,0.3333333333333333,4,young_impulsive_spenders
1,60,30,4,middle_aged,7.5,5,budget_conscious
0,21,30,73,young_adult,0.410958904109589,4,young_impulsive_spenders
1,53,33,4,middle_aged,8.25,5,budget_conscious
1,18,33,92,teen,0.358695652173913,4,young_impulsive_spenders
0,49,33,14,middle_aged,2.357142857142857,5,budget_conscious
0,21,33,81,young_adult,0.4074074074074074,4,young_impulsive_spenders
0,42,34,17,adult,2.0,5,budget_conscious
0,30,34,73,young_adult,0.4657534246575342,4,young_impulsive_spenders
0,36,37,26,adult,1.4230769230769231,5,budget_conscious
0,20,37,75,young_adult,0.49333333333333335,4,young_impulsive_spenders
0,65,38,35,senior,1.0857142857142856,0,mature_mainsteram
1,24,38,92,young_adult,0.41304347826086957,4,young_impulsive_spenders
1,48,39,36,middle_aged,1.0833333333333333,5,budget_conscious
0,31,39,61,adult,0.639344262295082,1,young_mainstream
0,49,39,28,middle_aged,1.3928571428571428,5,budget_conscious
0,24,39,65,young_adult,0.6,4,young_impulsive_spenders
0,50,40,55,middle_aged,0.7272727272727273,0,mature_mainsteram
0,27,40,47,young_adult,0.851063829787234,1,young_mainstream
0,29,40,42,young_adult,0.9523809523809523,1,young_mainstream
0,31,40,42,adult,0.9523809523809523,1,young_mainstream
0,49,42,52,middle_aged,0.8076923076923077,0,mature_mainsteram
1,33,42,60,adult,0.7,1,young_mainstream
0,31,43,54,adult,0.7962962962962963,1,young_mainstream
1,59,43,60,middle_aged,0.7166666666666667,0,mature_mainsteram
0,50,43,45,middle_aged,0.9555555555555556,0,mature_mainsteram
1,47,43,41,middle_aged,1.048780487804878,0,mature_mainsteram
0,51,44,50,middle_aged,0.88,0,mature_mainsteram
1,69,44,46,senior,0.9565217391304348,0,mature_mainsteram
0,27,46,51,young_adult,0.9019607843137255,1,young_mainstream
1,53,46,46,middle_aged,1.0,0,mature_mainsteram
1,70,46,56,senior,0.8214285714285714,0,mature_mainsteram
1,19,46,55,young_adult,0.8363636363636363,1,young_mainstream
0,67,47,52,senior,0.9038461538461539,0,mature_mainsteram
0,54,47,59,middle_aged,0.7966101694915254,0,mature_mainsteram
1,63,48,51,senior,0.9411764705882353,0,mature_mainsteram
1,18,48,59,teen,0.8135593220338984,1,young_mainstream
0,43,48,50,adult,0.96,0,mature_mainsteram
0,68,48,48,senior,1.0,0,mature_mainsteram
1,19,48,59,young_adult,0.8135593220338984,1,young_mainstream
0,32,48,47,adult,1.0212765957446808,1,young_mainstream
1,70,49,55,senior,0.8909090909090909,0,mature_mainsteram
0,47,49,42,middle_aged,1.1666666666666667,0,mature_mainsteram
0,60,50,49,middle_aged,1.0204081632653061,0,mature_mainsteram
0,60,50,56,middle_aged,0.8928571428571429,0,mature_mainsteram
1,59,54,47,middle_aged,1.148936170212766,0,mature_mainsteram
1,26,54,54,young_adult,1.0,1,young_mainstream
0,45,54,53,adult,1.0188679245283019,0,mature_mainsteram
1,40,54,48,adult,1.125,1,young_mainstream
0,23,54,52,young_adult,1.0384615384615385,1,young_mainstream
0,49,54,42,middle_aged,1.2857142857142858,0,mature_mainsteram
1,57,54,51,middle_aged,1.0588235294117647,0,mature_mainsteram
1,38,54,55,adult,0.9818181818181818,1,young_mainstream
1,67,54,41,senior,1.3170731707317074,0,mature_mainsteram
0,46,54,44,middle_aged,1.2272727272727273,0,mature_mainsteram
0,21,54,57,young_adult,0.9473684210526315,1,young_mainstream
1,48,54,46,middle_aged,1.173913043478261,0,mature_mainsteram
0,55,57,58,middle_aged,0.9827586206896551,0,mature_mainsteram
0,22,57,55,young_adult,1.0363636363636364,1,young_mainstream
0,34,58,60,adult,0.9666666666666667,1,young_mainstream
0,50,58,46,middle_aged,1.2608695652173914,0,mature_mainsteram
0,68,59,55,senior,1.0727272727272728,0,mature_mainsteram
1,18,59,41,teen,1.4390243902439024,1,young_mainstream
1,48,60,49,middle_aged,1.2244897959183674,0,mature_mainsteram
0,40,60,40,adult,1.5,1,young_mainstream
0,32,60,42,adult,1.4285714285714286,1,young_mainstream
1,24,60,52,young_adult,1.1538461538461537,1,young_mainstream
0,47,60,47,middle_aged,1.2765957446808511,0,mature_mainsteram
0,27,60,50,young_adult,1.2,1,young_mainstream
1,48,61,42,middle_aged,1.4523809523809523,0,mature_mainsteram
1,20,61,49,young_adult,1.2448979591836735,1,young_mainstream
0,23,62,41,young_adult,1.5121951219512195,1,young_mainstream
0,49,62,48,middle_aged,1.2916666666666667,0,mature_mainsteram
1,67,62,59,senior,1.0508474576271187,0,mature_mainsteram
1,26,62,55,young_adult,1.1272727272727272,1,young_mainstream
1,49,62,56,middle_aged,1.1071428571428572,0,mature_mainsteram
0,21,62,42,young_adult,1.4761904761904763,1,young_mainstream
0,66,63,50,senior,1.26,0,mature_mainsteram
1,54,63,46,middle_aged,1.3695652173913044,0,mature_mainsteram
1,68,63,43,senior,1.4651162790697674,0,mature_mainsteram
1,66,63,48,senior,1.3125,0,mature_mainsteram
1,65,63,52,senior,1.2115384615384615,0,mature_mainsteram
0,19,63,54,young_adult,1.1666666666666667,1,young_mainstream
0,38,64,42,adult,1.5238095238095237,1,young_mainstream
1,19,64,46,young_adult,1.391304347826087,1,young_mainstream
0,18,65,48,teen,1.3541666666666667,1,young_mainstream
0,19,65,50,young_adult,1.3,1,young_mainstream
0,63,65,43,senior,1.5116279069767442,0,mature_mainsteram
0,49,65,59,middle_aged,1.1016949152542372,0,mature_mainsteram
0,51,67,43,middle_aged,1.558139534883721,0,mature_mainsteram
0,50,67,57,middle_aged,1.1754385964912282,0,mature_mainsteram
1,27,67,56,young_adult,1.1964285714285714,1,young_mainstream
0,38,67,40,adult,1.675,1,young_mainstream
0,40,69,58,adult,1.1896551724137931,1,young_mainstream
1,39,69,91,adult,0.7582417582417582,3,premium_customers
0,23,70,29,young_adult,2.413793103448276,1,young_mainstream
0,31,70,77,adult,0.9090909090909091,3,premium_customers
1,43,71,35,adult,2.0285714285714285,2,cautious_savers
1,40,71,95,adult,0.7473684210526316,3,premium_customers
1,59,71,11,middle_aged,6.454545454545454,2,cautious_savers
1,38,71,75,adult,0.9466666666666667,3,premium_customers
1,47,71,9,middle_aged,7.888888888888889,2,cautious_savers
1,39,71,75,adult,0.9466666666666667,3,premium_customers
0,25,72,34,young_adult,2.1176470588235294,1,young_mainstream
0,31,72,71,adult,1.0140845070422535,3,premium_customers
1,20,73,5,young_adult,14.6,2,cautious_savers
0,29,73,88,young_adult,0.8295454545454546,3,premium_customers
0,44,73,7,adult,10.428571428571429,2,cautious_savers
1,32,73,73,adult,1.0,3,premium_customers
1,19,74,10,young_adult,7.4,1,young_mainstream
0,35,74,72,adult,1.0277777777777777,3,premium_customers
0,57,75,5,middle_aged,15.0,2,cautious_savers
1,32,75,93,adult,0.8064516129032258,3,premium_customers
0,28,76,40,young_adult,1.9,1,young_mainstream
0,32,76,87,adult,0.8735632183908046,3,premium_customers
1,25,77,12,young_adult,6.416666666666667,2,cautious_savers
1,28,77,97,young_adult,0.7938144329896907,3,premium_customers
1,48,77,36,middle_aged,2.138888888888889,2,cautious_savers
0,32,77,74,adult,1.0405405405405406,3,premium_customers
0,34,78,22,adult,3.5454545454545454,2,cautious_savers
1,34,78,90,adult,0.8666666666666667,3,premium_customers
1,43,78,17,adult,4.588235294117647,2,cautious_savers
1,39,78,88,adult,0.8863636363636364,3,premium_customers
0,44,78,20,adult,3.9,2,cautious_savers
0,38,78,76,adult,1.0263157894736843,3,premium_customers
0,47,78,16,middle_aged,4.875,2,cautious_savers
0,27,78,89,young_adult,0.8764044943820225,3,premium_customers
1,37,78,1,adult,78.0,2,cautious_savers
0,30,78,78,young_adult,1.0,3,premium_customers
1,34,78,1,adult,78.0,2,cautious_savers
0,30,78,73,young_adult,1.0684931506849316,3,premium_customers
0,56,79,35,middle_aged,2.257142857142857,0,mature_mainsteram
0,29,79,83,young_adult,0.9518072289156626,3,premium_customers
1,19,81,5,young_adult,16.2,2,cautious_savers
0,31,81,93,adult,0.8709677419354839,3,premium_customers
1,50,85,26,middle_aged,3.269230769230769,2,cautious_savers
0,36,85,75,adult,1.1333333333333333,3,premium_customers
1,42,86,20,adult,4.3,2,cautious_savers
0,33,86,95,adult,0.9052631578947369,3,premium_customers
0,36,87,27,adult,3.2222222222222223,2,cautious_savers
1,32,87,63,adult,1.380952380952381,3,premium_customers
1,40,87,13,adult,6.6923076923076925,2,cautious_savers
1,28,87,75,young_adult,1.16,3,premium_customers
1,36,87,10,adult,8.7,2,cautious_savers
1,36,87,92,adult,0.9456521739130435,3,premium_customers
0,52,88,13,middle_aged,6.769230769230769,2,cautious_savers
0,30,88,86,young_adult,1.0232558139534884,3,premium_customers
1,58,88,15,middle_aged,5.866666666666666,2,cautious_savers
1,27,88,69,young_adult,1.2753623188405796,3,premium_customers
1,59,93,14,middle_aged,6.642857142857143,2,cautious_savers
1,35,93,90,adult,1.0333333333333334,3,premium_customers
0,37,97,32,adult,3.03125,2,cautious_savers
0,32,97,86,adult,1.127906976744186,3,premium_customers
1,46,98,15,middle_aged,6.533333333333333,2,cautious_savers
0,29,98,88,young_adult,1.1136363636363635,3,premium_customers
0,41,99,39,adult,2.5384615384615383,2,cautious_savers
1,30,99,97,young_adult,1.0206185567010309,3,premium_customers
0,54,101,24,middle_aged,4.208333333333333,2,cautious_savers
1,28,101,68,young_adult,1.4852941176470589,3,premium_customers
0,41,103,17,adult,6.0588235294117645,2,cautious_savers
0,36,103,85,adult,1.2117647058823529,3,premium_customers
0,34,103,23,adult,4.478260869565218,2,cautious_savers
0,32,103,69,adult,1.4927536231884058,3,premium_customers
1,33,113,8,adult,14.125,2,cautious_savers
0,38,113,91,adult,1.2417582417582418,3,premium_customers
0,47,120,16,middle_aged,7.5,2,cautious_savers
0,35,120,79,adult,1.518987341772152,3,premium_customers
0,45,126,28,adult,4.5,2,cautious_savers
1,32,126,74,adult,1.7027027027027026,3,premium_customers
1,32,137,18,adult,7.611111111111111,2,cautious_savers
1,30,137,83,young_adult,1.6506024096385543,3,premium_customers
